{"cameraMode":{"drawMode":0,"name":"Shaded","section":"Shading Mode"},"sceneLighting":false,"audioPlay":false,"sceneViewState":{"m_AlwaysRefresh":false,"showFog":true,"showSkybox":false,"showFlares":true,"showImageEffects":true,"showParticleSystems":true,"showVisualEffectGraphs":true,"m_FxEnabled":true},"in2DMode":false,"pivot":{"x":16.502304077148439,"y":2.1874520778656008,"z":-20.15056800842285},"rotation":{"x":0.0030238693580031397,"y":0.988086998462677,"z":-0.019576475024223329,"w":0.15267151594161988},"size":11.880754470825196,"orthographic":false}