{"cameraMode":{"drawMode":0,"name":"Shaded","section":"Shading Mode"},"sceneLighting":false,"audioPlay":false,"sceneViewState":{"m_AlwaysRefresh":false,"showFog":true,"showSkybox":false,"showFlares":true,"showImageEffects":true,"showParticleSystems":true,"showVisualEffectGraphs":true,"m_FxEnabled":true},"in2DMode":false,"pivot":{"x":697.6980590820313,"y":119.46707153320313,"z":0.624335765838623},"rotation":{"x":0.003703251713886857,"y":0.9958974123001099,"z":-0.07664556056261063,"w":0.04813915863633156},"size":3.4918582439422609,"orthographic":false}