{"cameraMode":{"drawMode":0,"name":"Shaded","section":"Shading Mode"},"sceneLighting":false,"audioPlay":false,"sceneViewState":{"m_AlwaysRefresh":false,"showFog":true,"showSkybox":false,"showFlares":true,"showImageEffects":true,"showParticleSystems":true,"showVisualEffectGraphs":true,"m_FxEnabled":true},"in2DMode":false,"pivot":{"x":1.5086002349853516,"y":12.483051300048829,"z":-6.30157470703125},"rotation":{"x":0.08382587134838104,"y":0.8834663033485413,"z":-0.17340125143527986,"w":0.42709019780158999},"size":19.248252868652345,"orthographic":false}